Source,Target,Weight
n0,n1,1
n0,n3,1
n0,n4,1
n0,n5,1
n0,n6,1
n0,n7,1
n0,n10,1
n0,n11,1
n0,n14,1
n0,n15,1
n0,n18,1
n0,n19,1
n0,n20,1
n0,n21,1
n0,n22,1
n0,n23,1
n0,n27,1
n0,n30,1
n0,n31,1
n0,n32,1
n0,n33,1
n0,n34,1
n0,n35,1
n0,n37,1
n0,n38,1
n0,n41,1
n0,n43,1
n0,n45,1
n0,n46,1
n0,n49,1
n0,n53,1
n0,n54,1
n0,n56,1
n0,n58,1
n0,n59,1
n0,n64,1
n0,n65,1
n0,n67,1
n0,n68,1
n0,n69,1
n0,n71,1
n0,n81,1
n0,n84,1
n0,n86,1
n0,n87,1
n0,n88,1
n0,n93,1
n0,n95,1
n0,n96,1
n1,n2,1
n1,n3,1
n1,n6,1
n1,n20,1
n1,n22,1
n1,n23,1
n1,n30,1
n1,n33,1
n1,n34,1
n1,n37,1
n1,n43,1
n1,n56,1
n1,n59,1
n1,n61,1
n1,n98,1
n1,n67,1
n1,n68,1
n1,n69,1
n1,n71,1
n1,n81,1
n2,n1,1
n2,n3,1
n2,n6,1
n2,n16,1
n2,n18,1
n2,n19,1
n2,n21,1
n2,n22,1
n2,n23,1
n2,n30,1
n2,n34,1
n2,n35,1
n2,n37,1
n2,n42,1
n2,n43,1
n2,n49,1
n2,n53,1
n2,n54,1
n2,n56,1
n2,n58,1
n2,n59,1
n2,n61,1
n2,n98,1
n2,n64,1
n2,n65,1
n2,n67,1
n2,n71,1
n2,n77,1
n2,n80,1
n2,n81,1
n2,n94,1
n3,n1,1
n3,n2,1
n3,n4,1
n3,n5,1
n3,n6,1
n3,n9,1
n3,n10,1
n3,n11,1
n3,n18,1
n3,n19,1
n3,n20,1
n3,n21,1
n3,n22,1
n3,n24,1
n3,n27,1
n3,n28,1
n3,n30,1
n3,n33,1
n3,n34,1
n3,n35,1
n3,n37,1
n3,n38,1
n3,n41,1
n3,n43,1
n3,n46,1
n3,n49,1
n3,n52,1
n3,n53,1
n3,n54,1
n3,n55,1
n3,n56,1
n3,n57,1
n3,n58,1
n3,n59,1
n3,n60,1
n3,n64,1
n3,n65,1
n3,n67,1
n3,n68,1
n3,n73,1
n3,n76,1
n3,n77,1
n3,n79,1
n3,n81,1
n3,n82,1
n3,n84,1
n3,n85,1
n3,n87,1
n3,n88,1
n3,n89,1
n3,n90,1
n3,n91,1
n3,n92,1
n3,n93,1
n3,n97,1
n4,n6,1
n4,n7,1
n4,n9,1
n4,n11,1
n4,n18,1
n4,n19,1
n4,n21,1
n4,n28,1
n4,n30,1
n4,n34,1
n4,n35,1
n4,n37,1
n4,n56,1
n4,n58,1
n4,n64,1
n4,n65,1
n4,n76,1
n4,n81,1
n4,n82,1
n4,n86,1
n4,n90,1
n4,n91,1
n4,n92,1
n4,n93,1
n4,n97,1
n5,n6,1
n5,n7,1
n5,n10,1
n5,n11,1
n5,n14,1
n5,n19,1
n5,n20,1
n5,n21,1
n5,n30,1
n5,n33,1
n5,n35,1
n5,n38,1
n5,n41,1
n5,n43,1
n5,n56,1
n5,n58,1
n5,n64,1
n5,n67,1
n5,n68,1
n5,n71,1
n5,n75,1
n5,n77,1
n5,n81,1
n5,n90,1
n5,n97,1
n6,n2,1
n6,n8,1
n6,n11,1
n6,n18,1
n6,n19,1
n6,n22,1
n6,n23,1
n6,n24,1
n6,n28,1
n6,n30,1
n6,n33,1
n6,n43,1
n6,n46,1
n6,n49,1
n6,n53,1
n6,n56,1
n6,n57,1
n6,n65,1
n6,n78,1
n6,n81,1
n6,n86,1
n7,n0,1
n7,n1,1
n7,n4,1
n7,n5,1
n7,n6,1
n7,n8,1
n7,n9,1
n7,n10,1
n7,n11,1
n7,n12,1
n7,n14,1
n7,n15,1
n7,n16,1
n7,n18,1
n7,n19,1
n7,n20,1
n7,n21,1
n7,n22,1
n7,n24,1
n7,n27,1
n7,n28,1
n7,n29,1
n7,n30,1
n7,n33,1
n7,n34,1
n7,n35,1
n7,n37,1
n7,n38,1
n7,n41,1
n7,n43,1
n7,n44,1
n7,n46,1
n7,n47,1
n7,n49,1
n7,n52,1
n7,n53,1
n7,n54,1
n7,n55,1
n7,n56,1
n7,n57,1
n7,n58,1
n7,n59,1
n7,n64,1
n7,n65,1
n7,n67,1
n7,n68,1
n7,n69,1
n7,n70,1
n7,n71,1
n7,n74,1
n7,n75,1
n7,n76,1
n7,n77,1
n7,n78,1
n7,n79,1
n7,n81,1
n7,n82,1
n7,n84,1
n7,n86,1
n7,n87,1
n7,n88,1
n7,n90,1
n7,n91,1
n7,n92,1
n7,n93,1
n7,n97,1
n8,n0,1
n8,n6,1
n8,n10,1
n8,n19,1
n8,n20,1
n8,n21,1
n8,n22,1
n8,n23,1
n8,n25,1
n8,n30,1
n8,n35,1
n8,n43,1
n8,n46,1
n8,n49,1
n8,n64,1
n8,n71,1
n8,n81,1
n8,n88,1
n9,n0,1
n9,n3,1
n9,n4,1
n9,n99,1
n9,n5,1
n9,n10,1
n9,n11,1
n9,n14,1
n9,n15,1
n9,n17,1
n9,n19,1
n9,n20,1
n9,n21,1
n9,n22,1
n9,n23,1
n9,n24,1
n9,n25,1
n9,n27,1
n9,n29,1
n9,n30,1
n9,n33,1
n9,n34,1
n9,n36,1
n9,n37,1
n9,n38,1
n9,n43,1
n9,n44,1
n9,n46,1
n9,n49,1
n9,n50,1
n9,n52,1
n9,n54,1
n9,n55,1
n9,n58,1
n9,n59,1
n9,n61,1
n9,n67,1
n9,n68,1
n9,n69,1
n9,n71,1
n9,n72,1
n9,n73,1
n9,n74,1
n9,n75,1
n9,n76,1
n9,n77,1
n9,n79,1
n9,n81,1
n9,n83,1
n9,n84,1
n9,n85,1
n9,n90,1
n9,n91,1
n9,n95,1
n9,n96,1
n10,n0,1
n10,n2,1
n10,n3,1
n10,n4,1
n10,n5,1
n10,n6,1
n10,n7,1
n10,n8,1
n10,n11,1
n10,n14,1
n10,n15,1
n10,n16,1
n10,n18,1
n10,n19,1
n10,n20,1
n10,n21,1
n10,n22,1
n10,n25,1
n10,n28,1
n10,n30,1
n10,n33,1
n10,n34,1
n10,n37,1
n10,n38,1
n10,n41,1
n10,n43,1
n10,n45,1
n10,n47,1
n10,n52,1
n10,n53,1
n10,n56,1
n10,n58,1
n10,n59,1
n10,n61,1
n10,n62,1
n10,n64,1
n10,n67,1
n10,n68,1
n10,n69,1
n10,n71,1
n10,n77,1
n10,n81,1
n10,n84,1
n10,n85,1
n10,n87,1
n10,n91,1
n10,n92,1
n10,n93,1
n10,n96,1
n10,n97,1
n11,n3,1
n11,n4,1
n11,n6,1
n11,n7,1
n11,n9,1
n11,n18,1
n11,n19,1
n11,n20,1
n11,n30,1
n11,n33,1
n11,n35,1
n11,n43,1
n11,n53,1
n11,n54,1
n11,n58,1
n11,n64,1
n11,n65,1
n11,n71,1
n11,n75,1
n11,n76,1
n11,n77,1
n11,n79,1
n11,n81,1
n11,n82,1
n11,n84,1
n11,n86,1
n11,n87,1
n11,n90,1
n11,n92,1
n11,n93,1
n12,n3,1
n12,n6,1
n12,n7,1
n12,n9,1
n12,n10,1
n12,n11,1
n12,n18,1
n12,n19,1
n12,n21,1
n12,n24,1
n12,n27,1
n12,n28,1
n12,n34,1
n12,n35,1
n12,n37,1
n12,n43,1
n12,n44,1
n12,n47,1
n12,n52,1
n12,n53,1
n12,n54,1
n12,n55,1
n12,n56,1
n12,n59,1
n12,n62,1
n12,n64,1
n12,n65,1
n12,n69,1
n12,n70,1
n12,n71,1
n12,n72,1
n12,n74,1
n12,n75,1
n12,n76,1
n12,n77,1
n12,n79,1
n12,n82,1
n12,n86,1
n12,n87,1
n12,n91,1
n12,n92,1
n12,n93,1
n12,n97,1
n13,n99,1
n13,n6,1
n13,n11,1
n13,n14,1
n13,n19,1
n13,n30,1
n13,n33,1
n13,n38,1
n13,n43,1
n13,n49,1
n13,n54,1
n13,n64,1
n13,n77,1
n13,n81,1
n13,n90,1
n14,n0,1
n14,n4,1
n14,n5,1
n14,n6,1
n14,n7,1
n14,n9,1
n14,n11,1
n14,n15,1
n14,n16,1
n14,n18,1
n14,n19,1
n14,n21,1
n14,n24,1
n14,n27,1
n14,n30,1
n14,n33,1
n14,n34,1
n14,n35,1
n14,n37,1
n14,n38,1
n14,n41,1
n14,n44,1
n14,n45,1
n14,n52,1
n14,n53,1
n14,n54,1
n14,n56,1
n14,n58,1
n14,n59,1
n14,n62,1
n14,n64,1
n14,n67,1
n14,n68,1
n14,n69,1
n14,n71,1
n14,n72,1
n14,n76,1
n14,n77,1
n14,n79,1
n14,n81,1
n14,n84,1
n14,n85,1
n14,n87,1
n14,n90,1
n14,n95,1
n15,n0,1
n15,n4,1
n15,n5,1
n15,n6,1
n15,n7,1
n15,n11,1
n15,n14,1
n15,n18,1
n15,n19,1
n15,n20,1
n15,n21,1
n15,n22,1
n15,n27,1
n15,n29,1
n15,n30,1
n15,n33,1
n15,n34,1
n15,n35,1
n15,n37,1
n15,n41,1
n15,n50,1
n15,n53,1
n15,n55,1
n15,n56,1
n15,n58,1
n15,n62,1
n15,n64,1
n15,n65,1
n15,n67,1
n15,n68,1
n15,n71,1
n15,n75,1
n15,n76,1
n15,n77,1
n15,n79,1
n15,n81,1
n15,n82,1
n15,n86,1
n15,n87,1
n15,n88,1
n15,n90,1
n15,n91,1
n15,n93,1
n16,n0,1
n16,n1,1
n16,n3,1
n16,n4,1
n16,n5,1
n16,n6,1
n16,n7,1
n16,n8,1
n16,n9,1
n16,n10,1
n16,n11,1
n16,n14,1
n16,n15,1
n16,n18,1
n16,n19,1
n16,n20,1
n16,n21,1
n16,n22,1
n16,n23,1
n16,n25,1
n16,n26,1
n16,n27,1
n16,n30,1
n16,n32,1
n16,n33,1
n16,n34,1
n16,n35,1
n16,n36,1
n16,n37,1
n16,n38,1
n16,n39,1
n16,n41,1
n16,n42,1
n16,n43,1
n16,n44,1
n16,n45,1
n16,n46,1
n16,n48,1
n16,n49,1
n16,n51,1
n16,n52,1
n16,n53,1
n16,n54,1
n16,n55,1
n16,n56,1
n16,n57,1
n16,n58,1
n16,n59,1
n16,n61,1
n16,n64,1
n16,n65,1
n16,n67,1
n16,n68,1
n16,n69,1
n16,n71,1
n16,n72,1
n16,n74,1
n16,n75,1
n16,n76,1
n16,n77,1
n16,n81,1
n16,n82,1
n16,n85,1
n16,n86,1
n16,n87,1
n16,n88,1
n16,n90,1
n16,n91,1
n16,n92,1
n16,n93,1
n16,n95,1
n16,n96,1
n17,n6,1
n17,n9,1
n17,n22,1
n17,n23,1
n17,n34,1
n17,n43,1
n17,n53,1
n17,n57,1
n17,n69,1
n17,n81,1
n18,n0,1
n18,n1,1
n18,n2,1
n18,n5,1
n18,n8,1
n18,n10,1
n18,n11,1
n18,n12,1
n18,n14,1
n18,n15,1
n18,n16,1
n18,n20,1
n18,n22,1
n18,n23,1
n18,n26,1
n18,n27,1
n18,n29,1
n18,n30,1
n18,n31,1
n18,n33,1
n18,n36,1
n18,n38,1
n18,n39,1
n18,n40,1
n18,n42,1
n18,n44,1
n18,n45,1
n18,n46,1
n18,n48,1
n18,n49,1
n18,n50,1
n18,n57,1
n18,n58,1
n18,n61,1
n18,n62,1
n18,n63,1
n18,n67,1
n18,n68,1
n18,n71,1
n18,n73,1
n18,n74,1
n18,n75,1
n18,n80,1
n18,n81,1
n18,n85,1
n18,n88,1
n18,n94,1
n18,n95,1
n18,n96,1
n18,n97,1
n19,n3,1
n19,n6,1
n19,n11,1
n19,n24,1
n19,n30,1
n19,n35,1
n19,n56,1
n19,n58,1
n19,n64,1
n19,n65,1
n19,n90,1
n19,n91,1
n20,n0,1
n20,n1,1
n20,n3,1
n20,n4,1
n20,n5,1
n20,n6,1
n20,n7,1
n20,n9,1
n20,n10,1
n20,n11,1
n20,n14,1
n20,n15,1
n20,n16,1
n20,n18,1
n20,n19,1
n20,n21,1
n20,n22,1
n20,n23,1
n20,n27,1
n20,n28,1
n20,n30,1
n20,n32,1
n20,n33,1
n20,n34,1
n20,n35,1
n20,n37,1
n20,n38,1
n20,n41,1
n20,n42,1
n20,n43,1
n20,n44,1
n20,n45,1
n20,n46,1
n20,n49,1
n20,n51,1
n20,n53,1
n20,n54,1
n20,n55,1
n20,n56,1
n20,n58,1
n20,n59,1
n20,n60,1
n20,n64,1
n20,n65,1
n20,n67,1
n20,n68,1
n20,n69,1
n20,n71,1
n20,n72,1
n20,n73,1
n20,n75,1
n20,n76,1
n20,n77,1
n20,n81,1
n20,n82,1
n20,n85,1
n20,n86,1
n20,n87,1
n20,n88,1
n20,n90,1
n20,n91,1
n20,n92,1
n20,n93,1
n20,n95,1
n20,n96,1
n20,n97,1
n21,n0,1
n21,n2,1
n21,n3,1
n21,n4,1
n21,n5,1
n21,n6,1
n21,n7,1
n21,n8,1
n21,n9,1
n21,n10,1
n21,n11,1
n21,n14,1
n21,n15,1
n21,n16,1
n21,n18,1
n21,n19,1
n21,n20,1
n21,n22,1
n21,n23,1
n21,n25,1
n21,n26,1
n21,n27,1
n21,n30,1
n21,n32,1
n21,n33,1
n21,n34,1
n21,n35,1
n21,n37,1
n21,n38,1
n21,n41,1
n21,n43,1
n21,n44,1
n21,n46,1
n21,n49,1
n21,n53,1
n21,n54,1
n21,n55,1
n21,n56,1
n21,n58,1
n21,n59,1
n21,n60,1
n21,n61,1
n21,n64,1
n21,n65,1
n21,n67,1
n21,n68,1
n21,n71,1
n21,n72,1
n21,n75,1
n21,n76,1
n21,n77,1
n21,n81,1
n21,n85,1
n21,n86,1
n21,n87,1
n21,n90,1
n21,n92,1
n21,n93,1
n21,n96,1
n22,n0,1
n22,n1,1
n22,n2,1
n22,n3,1
n22,n4,1
n22,n99,1
n22,n5,1
n22,n6,1
n22,n7,1
n22,n8,1
n22,n9,1
n22,n10,1
n22,n11,1
n22,n14,1
n22,n15,1
n22,n16,1
n22,n17,1
n22,n18,1
n22,n19,1
n22,n20,1
n22,n21,1
n22,n23,1
n22,n25,1
n22,n30,1
n22,n32,1
n22,n33,1
n22,n34,1
n22,n35,1
n22,n36,1
n22,n37,1
n22,n38,1
n22,n41,1
n22,n43,1
n22,n45,1
n22,n46,1
n22,n49,1
n22,n53,1
n22,n54,1
n22,n56,1
n22,n57,1
n22,n58,1
n22,n59,1
n22,n60,1
n22,n98,1
n22,n64,1
n22,n65,1
n22,n67,1
n22,n68,1
n22,n69,1
n22,n71,1
n22,n73,1
n22,n77,1
n22,n78,1
n22,n81,1
n22,n88,1
n22,n90,1
n22,n93,1
n23,n0,1
n23,n1,1
n23,n2,1
n23,n3,1
n23,n4,1
n23,n6,1
n23,n7,1
n23,n8,1
n23,n11,1
n23,n14,1
n23,n18,1
n23,n19,1
n23,n20,1
n23,n21,1
n23,n22,1
n23,n25,1
n23,n30,1
n23,n32,1
n23,n34,1
n23,n35,1
n23,n36,1
n23,n37,1
n23,n42,1
n23,n43,1
n23,n45,1
n23,n46,1
n23,n49,1
n23,n53,1
n23,n54,1
n23,n56,1
n23,n57,1
n23,n58,1
n23,n59,1
n23,n61,1
n23,n64,1
n23,n65,1
n23,n67,1
n23,n68,1
n23,n69,1
n23,n70,1
n23,n72,1
n23,n76,1
n23,n77,1
n23,n78,1
n23,n81,1
n23,n85,1
n23,n91,1
n23,n93,1
n24,n4,1
n24,n6,1
n24,n7,1
n24,n9,1
n24,n18,1
n24,n19,1
n24,n27,1
n24,n28,1
n24,n30,1
n24,n34,1
n24,n35,1
n24,n53,1
n24,n54,1
n24,n56,1
n24,n65,1
n24,n71,1
n24,n76,1
n24,n77,1
n24,n78,1
n24,n82,1
n24,n83,1
n24,n84,1
n24,n85,1
n24,n86,1
n24,n87,1
n24,n90,1
n24,n91,1
n24,n92,1
n25,n0,1
n25,n6,1
n25,n7,1
n25,n8,1
n25,n11,1
n25,n19,1
n25,n20,1
n25,n30,1
n25,n37,1
n25,n38,1
n25,n43,1
n25,n46,1
n25,n49,1
n25,n59,1
n25,n62,1
n25,n64,1
n25,n68,1
n25,n74,1
n25,n81,1
n25,n93,1
n26,n4,1
n26,n6,1
n26,n11,1
n26,n18,1
n26,n19,1
n26,n20,1
n26,n21,1
n26,n23,1
n26,n30,1
n26,n33,1
n26,n34,1
n26,n35,1
n26,n38,1
n26,n39,1
n26,n41,1
n26,n45,1
n26,n46,1
n26,n53,1
n26,n55,1
n26,n56,1
n26,n58,1
n26,n59,1
n26,n64,1
n26,n65,1
n26,n67,1
n26,n69,1
n26,n80,1
n26,n81,1
n26,n85,1
n26,n87,1
n26,n90,1
n26,n91,1
n26,n92,1
n27,n4,1
n27,n6,1
n27,n7,1
n27,n9,1
n27,n11,1
n27,n18,1
n27,n19,1
n27,n20,1
n27,n30,1
n27,n33,1
n27,n35,1
n27,n38,1
n27,n41,1
n27,n44,1
n27,n47,1
n27,n52,1
n27,n55,1
n27,n56,1
n27,n59,1
n27,n64,1
n27,n65,1
n27,n75,1
n27,n79,1
n27,n81,1
n27,n87,1
n27,n91,1
n27,n92,1
n27,n93,1
n27,n97,1
n28,n12,1
n28,n50,1
n28,n54,1
n28,n55,1
n28,n74,1
n28,n76,1
n28,n77,1
n28,n83,1
n29,n3,1
n29,n4,1
n29,n6,1
n29,n7,1
n29,n11,1
n29,n15,1
n29,n18,1
n29,n19,1
n29,n27,1
n29,n30,1
n29,n34,1
n29,n35,1
n29,n37,1
n29,n41,1
n29,n44,1
n29,n47,1
n29,n52,1
n29,n53,1
n29,n54,1
n29,n55,1
n29,n56,1
n29,n58,1
n29,n59,1
n29,n62,1
n29,n64,1
n29,n65,1
n29,n69,1
n29,n75,1
n29,n76,1
n29,n77,1
n29,n79,1
n29,n86,1
n29,n87,1
n29,n90,1
n29,n91,1
n29,n92,1
n29,n93,1
n30,n6,1
n30,n11,1
n30,n19,1
n30,n33,1
n30,n35,1
n30,n56,1
n30,n58,1
n30,n64,1
n30,n65,1
n30,n90,1
n30,n91,1
n30,n93,1
n30,n97,1
n31,n0,1
n31,n43,1
n31,n53,1
n31,n62,1
n31,n64,1
n31,n67,1
n31,n72,1
n31,n94,1
n32,n0,1
n32,n5,1
n32,n6,1
n32,n8,1
n32,n10,1
n32,n11,1
n32,n16,1
n32,n19,1
n32,n20,1
n32,n21,1
n32,n22,1
n32,n25,1
n32,n26,1
n32,n30,1
n32,n34,1
n32,n37,1
n32,n38,1
n32,n41,1
n32,n43,1
n32,n49,1
n32,n54,1
n32,n61,1
n32,n62,1
n32,n63,1
n32,n64,1
n32,n67,1
n32,n68,1
n32,n71,1
n32,n73,1
n32,n77,1
n32,n81,1
n32,n87,1
n32,n88,1
n32,n93,1
n32,n94,1
n33,n6,1
n33,n11,1
n33,n19,1
n33,n27,1
n33,n30,1
n33,n44,1
n33,n56,1
n33,n58,1
n33,n84,1
n34,n0,1
n34,n1,1
n34,n3,1
n34,n4,1
n34,n5,1
n34,n6,1
n34,n7,1
n34,n9,1
n34,n11,1
n34,n12,1
n34,n14,1
n34,n15,1
n34,n19,1
n34,n20,1
n34,n21,1
n34,n23,1
n34,n24,1
n34,n27,1
n34,n29,1
n34,n30,1
n34,n32,1
n34,n33,1
n34,n35,1
n34,n37,1
n34,n38,1
n34,n40,1
n34,n41,1
n34,n43,1
n34,n46,1
n34,n52,1
n34,n53,1
n34,n55,1
n34,n56,1
n34,n58,1
n34,n59,1
n34,n60,1
n34,n61,1
n34,n64,1
n34,n65,1
n34,n68,1
n34,n69,1
n34,n71,1
n34,n74,1
n34,n75,1
n34,n77,1
n34,n81,1
n34,n82,1
n34,n83,1
n34,n84,1
n34,n86,1
n34,n87,1
n34,n88,1
n34,n90,1
n34,n93,1
n34,n95,1
n34,n96,1
n35,n4,1
n35,n7,1
n35,n9,1
n35,n11,1
n35,n18,1
n35,n19,1
n35,n20,1
n35,n21,1
n35,n24,1
n35,n28,1
n35,n30,1
n35,n33,1
n35,n34,1
n35,n52,1
n35,n55,1
n35,n56,1
n35,n62,1
n35,n64,1
n35,n65,1
n35,n74,1
n35,n78,1
n35,n81,1
n35,n86,1
n35,n87,1
n35,n88,1
n35,n91,1
n35,n92,1
n35,n93,1
n35,n97,1
n36,n0,1
n36,n1,1
n36,n2,1
n36,n3,1
n36,n4,1
n36,n5,1
n36,n6,1
n36,n7,1
n36,n8,1
n36,n9,1
n36,n10,1
n36,n11,1
n36,n14,1
n36,n15,1
n36,n16,1
n36,n18,1
n36,n19,1
n36,n20,1
n36,n21,1
n36,n22,1
n36,n23,1
n36,n25,1
n36,n26,1
n36,n30,1
n36,n32,1
n36,n33,1
n36,n34,1
n36,n35,1
n36,n37,1
n36,n38,1
n36,n39,1
n36,n41,1
n36,n42,1
n36,n43,1
n36,n45,1
n36,n46,1
n36,n49,1
n36,n53,1
n36,n54,1
n36,n56,1
n36,n58,1
n36,n59,1
n36,n61,1
n36,n63,1
n36,n64,1
n36,n65,1
n36,n67,1
n36,n68,1
n36,n69,1
n36,n71,1
n36,n72,1
n36,n73,1
n36,n75,1
n36,n76,1
n36,n77,1
n36,n80,1
n36,n81,1
n36,n85,1
n36,n86,1
n36,n88,1
n36,n89,1
n36,n90,1
n36,n92,1
n36,n93,1
n36,n94,1
n36,n96,1
n37,n3,1
n37,n6,1
n37,n7,1
n37,n9,1
n37,n11,1
n37,n18,1
n37,n19,1
n37,n21,1
n37,n22,1
n37,n23,1
n37,n28,1
n37,n30,1
n37,n33,1
n37,n34,1
n37,n35,1
n37,n46,1
n37,n49,1
n37,n53,1
n37,n55,1
n37,n56,1
n37,n58,1
n37,n64,1
n37,n65,1
n37,n68,1
n37,n71,1
n37,n73,1
n37,n77,1
n37,n81,1
n37,n82,1
n37,n85,1
n37,n86,1
n37,n87,1
n37,n91,1
n37,n93,1
n38,n0,1
n38,n3,1
n38,n4,1
n38,n5,1
n38,n6,1
n38,n7,1
n38,n8,1
n38,n10,1
n38,n11,1
n38,n13,1
n38,n14,1
n38,n16,1
n38,n18,1
n38,n19,1
n38,n20,1
n38,n21,1
n38,n22,1
n38,n23,1
n38,n25,1
n38,n27,1
n38,n30,1
n38,n32,1
n38,n33,1
n38,n34,1
n38,n35,1
n38,n36,1
n38,n42,1
n38,n43,1
n38,n45,1
n38,n46,1
n38,n47,1
n38,n49,1
n38,n53,1
n38,n54,1
n38,n56,1
n38,n57,1
n38,n58,1
n38,n59,1
n38,n61,1
n38,n63,1
n38,n64,1
n38,n67,1
n38,n68,1
n38,n69,1
n38,n71,1
n38,n73,1
n38,n74,1
n38,n76,1
n38,n77,1
n38,n80,1
n38,n81,1
n38,n85,1
n38,n87,1
n38,n91,1
n38,n93,1
n38,n95,1
n38,n96,1
n39,n4,1
n39,n6,1
n39,n9,1
n39,n11,1
n39,n15,1
n39,n18,1
n39,n19,1
n39,n20,1
n39,n21,1
n39,n22,1
n39,n29,1
n39,n30,1
n39,n33,1
n39,n34,1
n39,n35,1
n39,n38,1
n39,n41,1
n39,n43,1
n39,n44,1
n39,n46,1
n39,n55,1
n39,n58,1
n39,n59,1
n39,n62,1
n39,n64,1
n39,n65,1
n39,n67,1
n39,n69,1
n39,n71,1
n39,n81,1
n39,n83,1
n39,n87,1
n39,n90,1
n39,n92,1
n39,n93,1
n39,n97,1
n40,n34,1
n40,n55,1
n41,n6,1
n41,n7,1
n41,n11,1
n41,n18,1
n41,n19,1
n41,n21,1
n41,n24,1
n41,n30,1
n41,n34,1
n41,n35,1
n41,n37,1
n41,n44,1
n41,n45,1
n41,n47,1
n41,n52,1
n41,n53,1
n41,n54,1
n41,n55,1
n41,n56,1
n41,n59,1
n41,n60,1
n41,n69,1
n41,n75,1
n41,n76,1
n41,n77,1
n41,n79,1
n41,n82,1
n41,n86,1
n41,n87,1
n41,n90,1
n41,n92,1
n41,n93,1
n42,n0,1
n42,n2,1
n42,n3,1
n42,n4,1
n42,n5,1
n42,n6,1
n42,n7,1
n42,n9,1
n42,n10,1
n42,n11,1
n42,n14,1
n42,n15,1
n42,n16,1
n42,n18,1
n42,n19,1
n42,n20,1
n42,n21,1
n42,n22,1
n42,n23,1
n42,n25,1
n42,n26,1
n42,n27,1
n42,n30,1
n42,n31,1
n42,n32,1
n42,n33,1
n42,n34,1
n42,n35,1
n42,n36,1
n42,n37,1
n42,n38,1
n42,n39,1
n42,n41,1
n42,n43,1
n42,n45,1
n42,n46,1
n42,n49,1
n42,n51,1
n42,n52,1
n42,n53,1
n42,n54,1
n42,n55,1
n42,n56,1
n42,n57,1
n42,n58,1
n42,n59,1
n42,n61,1
n42,n64,1
n42,n65,1
n42,n67,1
n42,n68,1
n42,n69,1
n42,n71,1
n42,n72,1
n42,n76,1
n42,n77,1
n42,n79,1
n42,n80,1
n42,n81,1
n42,n82,1
n42,n85,1
n42,n86,1
n42,n87,1
n42,n90,1
n42,n91,1
n42,n92,1
n42,n93,1
n42,n94,1
n42,n95,1
n42,n96,1
n43,n1,1
n44,n4,1
n44,n9,1
n44,n11,1
n44,n18,1
n44,n35,1
n44,n53,1
n44,n75,1
n44,n83,1
n44,n86,1
n44,n91,1
n45,n0,1
n45,n3,1
n45,n4,1
n45,n6,1
n45,n7,1
n45,n9,1
n45,n10,1
n45,n11,1
n45,n12,1
n45,n14,1
n45,n16,1
n45,n18,1
n45,n19,1
n45,n20,1
n45,n21,1
n45,n22,1
n45,n23,1
n45,n24,1
n45,n25,1
n45,n26,1
n45,n27,1
n45,n28,1
n45,n29,1
n45,n30,1
n45,n31,1
n45,n32,1
n45,n33,1
n45,n34,1
n45,n35,1
n45,n36,1
n45,n37,1
n45,n38,1
n45,n40,1
n45,n41,1
n45,n42,1
n45,n43,1
n45,n44,1
n45,n46,1
n45,n47,1
n45,n49,1
n45,n50,1
n45,n52,1
n45,n53,1
n45,n54,1
n45,n55,1
n45,n56,1
n45,n58,1
n45,n59,1
n45,n61,1
n45,n63,1
n45,n64,1
n45,n65,1
n45,n67,1
n45,n68,1
n45,n69,1
n45,n70,1
n45,n71,1
n45,n72,1
n45,n73,1
n45,n74,1
n45,n75,1
n45,n76,1
n45,n77,1
n45,n78,1
n45,n79,1
n45,n80,1
n45,n81,1
n45,n82,1
n45,n83,1
n45,n84,1
n45,n85,1
n45,n86,1
n45,n87,1
n45,n90,1
n45,n91,1
n45,n92,1
n45,n93,1
n45,n96,1
n45,n97,1
n46,n0,1
n46,n1,1
n46,n2,1
n46,n3,1
n46,n99,1
n46,n6,1
n46,n7,1
n46,n8,1
n46,n9,1
n46,n10,1
n46,n11,1
n46,n18,1
n46,n19,1
n46,n20,1
n46,n21,1
n46,n22,1
n46,n23,1
n46,n25,1
n46,n28,1
n46,n30,1
n46,n34,1
n46,n35,1
n46,n37,1
n46,n38,1
n46,n43,1
n46,n49,1
n46,n53,1
n46,n54,1
n46,n57,1
n46,n59,1
n46,n64,1
n46,n65,1
n46,n67,1
n46,n68,1
n46,n71,1
n46,n76,1
n46,n77,1
n46,n78,1
n46,n81,1
n46,n85,1
n46,n86,1
n46,n91,1
n46,n94,1
n46,n96,1
n46,n97,1
n47,n4,1
n47,n5,1
n47,n6,1
n47,n7,1
n47,n9,1
n47,n11,1
n47,n18,1
n47,n19,1
n47,n20,1
n47,n21,1
n47,n27,1
n47,n28,1
n47,n30,1
n47,n33,1
n47,n35,1
n47,n38,1
n47,n40,1
n47,n41,1
n47,n44,1
n47,n50,1
n47,n52,1
n47,n53,1
n47,n54,1
n47,n55,1
n47,n56,1
n47,n58,1
n47,n64,1
n47,n71,1
n47,n74,1
n47,n75,1
n47,n76,1
n47,n81,1
n47,n87,1
n47,n90,1
n47,n91,1
n47,n92,1
n48,n3,1
n48,n4,1
n48,n6,1
n48,n11,1
n48,n18,1
n48,n19,1
n48,n30,1
n48,n31,1
n48,n33,1
n48,n34,1
n48,n37,1
n48,n55,1
n48,n56,1
n48,n58,1
n48,n64,1
n48,n67,1
n48,n68,1
n48,n73,1
n48,n87,1
n48,n90,1
n48,n93,1
n48,n96,1
n49,n0,1
n49,n1,1
n49,n2,1
n49,n3,1
n49,n4,1
n49,n6,1
n49,n7,1
n49,n8,1
n49,n9,1
n49,n11,1
n49,n13,1
n49,n14,1
n49,n15,1
n49,n16,1
n49,n18,1
n49,n19,1
n49,n20,1
n49,n21,1
n49,n22,1
n49,n23,1
n49,n24,1
n49,n25,1
n49,n26,1
n49,n28,1
n49,n30,1
n49,n32,1
n49,n33,1
n49,n34,1
n49,n35,1
n49,n36,1
n49,n37,1
n49,n38,1
n49,n39,1
n49,n41,1
n49,n42,1
n49,n43,1
n49,n45,1
n49,n46,1
n49,n53,1
n49,n54,1
n49,n55,1
n49,n56,1
n49,n58,1
n49,n59,1
n49,n61,1
n49,n62,1
n49,n64,1
n49,n65,1
n49,n67,1
n49,n68,1
n49,n69,1
n49,n71,1
n49,n73,1
n49,n76,1
n49,n81,1
n49,n82,1
n49,n85,1
n49,n86,1
n49,n87,1
n49,n88,1
n49,n89,1
n49,n90,1
n49,n91,1
n49,n92,1
n49,n93,1
n49,n96,1
n50,n9,1
n50,n11,1
n50,n18,1
n50,n19,1
n50,n28,1
n50,n30,1
n50,n35,1
n50,n37,1
n50,n47,1
n50,n55,1
n50,n56,1
n50,n68,1
n50,n81,1
n50,n90,1
n50,n91,1
n50,n92,1
n51,n5,1
n51,n6,1
n51,n11,1
n51,n15,1
n51,n20,1
n51,n21,1
n51,n30,1
n51,n37,1
n51,n38,1
n51,n41,1
n51,n58,1
n51,n68,1
n51,n71,1
n51,n80,1
n51,n90,1
n51,n95,1
n52,n4,1
n52,n6,1
n52,n7,1
n52,n9,1
n52,n10,1
n52,n11,1
n52,n12,1
n52,n18,1
n52,n19,1
n52,n24,1
n52,n27,1
n52,n28,1
n52,n29,1
n52,n30,1
n52,n33,1
n52,n34,1
n52,n35,1
n52,n37,1
n52,n47,1
n52,n53,1
n52,n55,1
n52,n56,1
n52,n58,1
n52,n59,1
n52,n64,1
n52,n69,1
n52,n70,1
n52,n71,1
n52,n72,1
n52,n74,1
n52,n75,1
n52,n76,1
n52,n82,1
n52,n84,1
n52,n86,1
n52,n87,1
n52,n90,1
n52,n91,1
n52,n92,1
n52,n93,1
n52,n97,1
n53,n0,1
n53,n2,1
n53,n3,1
n53,n4,1
n53,n5,1
n53,n7,1
n53,n8,1
n53,n9,1
n53,n10,1
n53,n11,1
n53,n12,1
n53,n14,1
n53,n15,1
n53,n16,1
n53,n17,1
n53,n18,1
n53,n19,1
n53,n20,1
n53,n21,1
n53,n22,1
n53,n23,1
n53,n24,1
n53,n25,1
n53,n26,1
n53,n27,1
n53,n28,1
n53,n29,1
n53,n30,1
n53,n31,1
n53,n32,1
n53,n33,1
n53,n34,1
n53,n35,1
n53,n36,1
n53,n37,1
n53,n38,1
n53,n39,1
n53,n41,1
n53,n42,1
n53,n43,1
n53,n44,1
n53,n45,1
n53,n46,1
n53,n47,1
n53,n49,1
n53,n52,1
n53,n54,1
n53,n55,1
n53,n57,1
n53,n58,1
n53,n59,1
n53,n61,1
n53,n62,1
n53,n64,1
n53,n65,1
n53,n67,1
n53,n68,1
n53,n69,1
n53,n70,1
n53,n71,1
n53,n72,1
n53,n73,1
n53,n74,1
n53,n75,1
n53,n76,1
n53,n77,1
n53,n79,1
n53,n80,1
n53,n81,1
n53,n82,1
n53,n85,1
n53,n86,1
n53,n87,1
n53,n88,1
n53,n89,1
n53,n90,1
n53,n91,1
n53,n92,1
n53,n93,1
n53,n94,1
n53,n95,1
n53,n96,1
n54,n3,1
n54,n4,1
n54,n5,1
n54,n6,1
n54,n7,1
n54,n9,1
n54,n11,1
n54,n14,1
n54,n18,1
n54,n19,1
n54,n21,1
n54,n23,1
n54,n28,1
n54,n29,1
n54,n30,1
n54,n31,1
n54,n35,1
n54,n37,1
n54,n41,1
n54,n43,1
n54,n45,1
n54,n46,1
n54,n52,1
n54,n53,1
n54,n55,1
n54,n56,1
n54,n62,1
n54,n64,1
n54,n67,1
n54,n69,1
n54,n71,1
n54,n72,1
n54,n76,1
n54,n77,1
n54,n79,1
n54,n81,1
n54,n82,1
n54,n86,1
n54,n87,1
n54,n90,1
n54,n92,1
n54,n93,1
n55,n0,1
n55,n2,1
n55,n3,1
n55,n4,1
n55,n6,1
n55,n7,1
n55,n9,1
n55,n11,1
n55,n15,1
n55,n18,1
n55,n19,1
n55,n21,1
n55,n28,1
n55,n30,1
n55,n33,1
n55,n34,1
n55,n35,1
n55,n37,1
n55,n38,1
n55,n40,1
n55,n41,1
n55,n43,1
n55,n49,1
n55,n50,1
n55,n52,1
n55,n53,1
n55,n54,1
n55,n56,1
n55,n58,1
n55,n61,1
n55,n64,1
n55,n65,1
n55,n67,1
n55,n68,1
n55,n69,1
n55,n70,1
n55,n71,1
n55,n72,1
n55,n76,1
n55,n77,1
n55,n79,1
n55,n81,1
n55,n82,1
n55,n86,1
n55,n87,1
n55,n90,1
n55,n91,1
n55,n92,1
n55,n93,1
n56,n19,1
n56,n35,1
n56,n58,1
n57,n0,1
n57,n2,1
n57,n3,1
n57,n4,1
n57,n5,1
n57,n6,1
n57,n7,1
n57,n8,1
n57,n9,1
n57,n10,1
n57,n11,1
n57,n14,1
n57,n15,1
n57,n16,1
n57,n17,1
n57,n18,1
n57,n19,1
n57,n20,1
n57,n21,1
n57,n22,1
n57,n23,1
n57,n25,1
n57,n26,1
n57,n27,1
n57,n30,1
n57,n32,1
n57,n33,1
n57,n34,1
n57,n35,1
n57,n36,1
n57,n37,1
n57,n38,1
n57,n39,1
n57,n41,1
n57,n42,1
n57,n43,1
n57,n45,1
n57,n46,1
n57,n47,1
n57,n49,1
n57,n53,1
n57,n54,1
n57,n55,1
n57,n56,1
n57,n58,1
n57,n59,1
n57,n61,1
n57,n98,1
n57,n64,1
n57,n65,1
n57,n67,1
n57,n68,1
n57,n69,1
n57,n70,1
n57,n71,1
n57,n72,1
n57,n73,1
n57,n76,1
n57,n77,1
n57,n78,1
n57,n80,1
n57,n81,1
n57,n82,1
n57,n85,1
n57,n86,1
n57,n87,1
n57,n90,1
n57,n91,1
n57,n92,1
n57,n93,1
n57,n94,1
n57,n95,1
n57,n96,1
n57,n97,1
n58,n4,1
n58,n7,1
n58,n11,1
n58,n15,1
n58,n19,1
n58,n27,1
n58,n30,1
n58,n33,1
n58,n35,1
n58,n44,1
n58,n56,1
n58,n60,1
n58,n64,1
n58,n65,1
n58,n84,1
n58,n90,1
n58,n97,1
n59,n0,1
n59,n1,1
n59,n2,1
n59,n3,1
n59,n4,1
n59,n5,1
n59,n9,1
n59,n11,1
n59,n12,1
n59,n15,1
n59,n16,1
n59,n18,1
n59,n19,1
n59,n20,1
n59,n21,1
n59,n23,1
n59,n25,1
n59,n26,1
n59,n27,1
n59,n30,1
n59,n33,1
n59,n34,1
n59,n35,1
n59,n36,1
n59,n37,1
n59,n38,1
n59,n39,1
n59,n41,1
n59,n43,1
n59,n46,1
n59,n47,1
n59,n49,1
n59,n53,1
n59,n55,1
n59,n56,1
n59,n58,1
n59,n60,1
n59,n61,1
n59,n62,1
n59,n64,1
n59,n65,1
n59,n67,1
n59,n68,1
n59,n69,1
n59,n71,1
n59,n72,1
n59,n74,1
n59,n75,1
n59,n76,1
n59,n77,1
n59,n81,1
n59,n84,1
n59,n85,1
n59,n86,1
n59,n87,1
n59,n88,1
n59,n90,1
n59,n91,1
n59,n92,1
n59,n93,1
n59,n94,1
n59,n95,1
n59,n96,1
n59,n97,1
n60,n35,1
n60,n62,1
n60,n64,1
n60,n68,1
n61,n1,1
n61,n2,1
n61,n3,1
n61,n5,1
n61,n6,1
n61,n8,1
n61,n9,1
n61,n10,1
n61,n11,1
n61,n14,1
n61,n15,1
n61,n18,1
n61,n19,1
n61,n21,1
n61,n22,1
n61,n23,1
n61,n25,1
n61,n30,1
n61,n33,1
n61,n34,1
n61,n35,1
n61,n36,1
n61,n37,1
n61,n38,1
n61,n41,1
n61,n43,1
n61,n45,1
n61,n46,1
n61,n49,1
n61,n53,1
n61,n54,1
n61,n55,1
n61,n56,1
n61,n58,1
n61,n59,1
n61,n63,1
n61,n64,1
n61,n65,1
n61,n67,1
n61,n68,1
n61,n69,1
n61,n71,1
n61,n72,1
n61,n73,1
n61,n76,1
n61,n77,1
n61,n80,1
n61,n81,1
n61,n85,1
n61,n89,1
n61,n90,1
n61,n92,1
n61,n93,1
n61,n94,1
n61,n96,1
n62,n11,1
n62,n19,1
n62,n30,1
n62,n32,1
n62,n34,1
n62,n35,1
n62,n41,1
n62,n56,1
n62,n58,1
n62,n60,1
n62,n64,1
n62,n67,1
n62,n72,1
n62,n92,1
n62,n94,1
n63,n0,1
n63,n3,1
n63,n4,1
n63,n5,1
n63,n6,1
n63,n7,1
n63,n11,1
n63,n14,1
n63,n15,1
n63,n18,1
n63,n19,1
n63,n21,1
n63,n22,1
n63,n23,1
n63,n30,1
n63,n32,1
n63,n33,1
n63,n34,1
n63,n35,1
n63,n36,1
n63,n37,1
n63,n38,1
n63,n43,1
n63,n45,1
n63,n49,1
n63,n54,1
n63,n55,1
n63,n56,1
n63,n58,1
n63,n59,1
n63,n61,1
n63,n62,1
n63,n64,1
n63,n65,1
n63,n67,1
n63,n68,1
n63,n69,1
n63,n71,1
n63,n72,1
n63,n77,1
n63,n81,1
n63,n82,1
n63,n83,1
n63,n85,1
n63,n86,1
n63,n87,1
n63,n90,1
n63,n92,1
n63,n93,1
n63,n96,1
n64,n11,1
n64,n19,1
n64,n30,1
n65,n0,1
n65,n2,1
n65,n4,1
n65,n6,1
n65,n7,1
n65,n9,1
n65,n11,1
n65,n15,1
n65,n18,1
n65,n19,1
n65,n20,1
n65,n21,1
n65,n22,1
n65,n24,1
n65,n27,1
n65,n28,1
n65,n29,1
n65,n30,1
n65,n31,1
n65,n33,1
n65,n34,1
n65,n35,1
n65,n37,1
n65,n39,1
n65,n41,1
n65,n43,1
n65,n46,1
n65,n49,1
n65,n53,1
n65,n55,1
n65,n56,1
n65,n57,1
n65,n59,1
n65,n62,1
n65,n64,1
n65,n68,1
n65,n71,1
n65,n74,1
n65,n76,1
n65,n78,1
n65,n81,1
n65,n82,1
n65,n86,1
n65,n87,1
n65,n88,1
n65,n90,1
n65,n91,1
n65,n92,1
n65,n93,1
n65,n97,1
n66,n83,1
n67,n0,1
n67,n1,1
n67,n2,1
n67,n3,1
n67,n5,1
n67,n6,1
n67,n7,1
n67,n8,1
n67,n9,1
n67,n10,1
n67,n11,1
n67,n14,1
n67,n15,1
n67,n16,1
n67,n18,1
n67,n19,1
n67,n20,1
n67,n21,1
n67,n22,1
n67,n23,1
n67,n26,1
n67,n27,1
n67,n30,1
n67,n31,1
n67,n32,1
n67,n33,1
n67,n36,1
n67,n37,1
n67,n38,1
n67,n39,1
n67,n41,1
n67,n43,1
n67,n45,1
n67,n46,1
n67,n49,1
n67,n53,1
n67,n54,1
n67,n55,1
n67,n56,1
n67,n57,1
n67,n58,1
n67,n59,1
n67,n61,1
n67,n64,1
n67,n65,1
n67,n68,1
n67,n69,1
n67,n71,1
n67,n72,1
n67,n73,1
n67,n80,1
n67,n81,1
n67,n85,1
n67,n87,1
n67,n88,1
n67,n90,1
n67,n91,1
n67,n92,1
n67,n93,1
n67,n96,1
n68,n1,1
n68,n5,1
n68,n6,1
n68,n9,1
n68,n10,1
n68,n11,1
n68,n14,1
n68,n15,1
n68,n18,1
n68,n19,1
n68,n20,1
n68,n21,1
n68,n22,1
n68,n23,1
n68,n25,1
n68,n27,1
n68,n30,1
n68,n33,1
n68,n34,1
n68,n35,1
n68,n37,1
n68,n38,1
n68,n43,1
n68,n46,1
n68,n53,1
n68,n56,1
n68,n58,1
n68,n61,1
n68,n64,1
n68,n65,1
n68,n67,1
n68,n69,1
n68,n71,1
n68,n76,1
n68,n81,1
n68,n84,1
n68,n87,1
n68,n90,1
n68,n93,1
n68,n94,1
n68,n95,1
n68,n96,1
n69,n0,1
n69,n1,1
n69,n2,1
n69,n3,1
n69,n4,1
n69,n6,1
n69,n7,1
n69,n9,1
n69,n10,1
n69,n11,1
n69,n14,1
n69,n16,1
n69,n17,1
n69,n18,1
n69,n19,1
n69,n20,1
n69,n21,1
n69,n22,1
n69,n23,1
n69,n24,1
n69,n25,1
n69,n26,1
n69,n27,1
n69,n29,1
n69,n30,1
n69,n32,1
n69,n33,1
n69,n35,1
n69,n36,1
n69,n37,1
n69,n38,1
n69,n39,1
n69,n41,1
n69,n42,1
n69,n43,1
n69,n44,1
n69,n45,1
n69,n46,1
n69,n49,1
n69,n51,1
n69,n52,1
n69,n53,1
n69,n54,1
n69,n55,1
n69,n56,1
n69,n57,1
n69,n58,1
n69,n59,1
n69,n60,1
n69,n61,1
n69,n62,1
n69,n63,1
n69,n64,1
n69,n65,1
n69,n67,1
n69,n68,1
n69,n71,1
n69,n72,1
n69,n73,1
n69,n74,1
n69,n75,1
n69,n76,1
n69,n77,1
n69,n79,1
n69,n80,1
n69,n81,1
n69,n82,1
n69,n85,1
n69,n86,1
n69,n87,1
n69,n88,1
n69,n89,1
n69,n90,1
n69,n91,1
n69,n92,1
n69,n94,1
n69,n96,1
n69,n97,1
n70,n3,1
n70,n4,1
n70,n5,1
n70,n6,1
n70,n7,1
n70,n9,1
n70,n11,1
n70,n14,1
n70,n18,1
n70,n19,1
n70,n21,1
n70,n23,1
n70,n24,1
n70,n28,1
n70,n30,1
n70,n33,1
n70,n34,1
n70,n35,1
n70,n37,1
n70,n40,1
n70,n43,1
n70,n45,1
n70,n46,1
n70,n53,1
n70,n54,1
n70,n55,1
n70,n56,1
n70,n58,1
n70,n59,1
n70,n60,1
n70,n62,1
n70,n64,1
n70,n65,1
n70,n71,1
n70,n76,1
n70,n77,1
n70,n79,1
n70,n81,1
n70,n82,1
n70,n86,1
n70,n87,1
n70,n90,1
n70,n91,1
n70,n92,1
n71,n0,1
n71,n4,1
n71,n5,1
n71,n6,1
n71,n7,1
n71,n10,1
n71,n11,1
n71,n14,1
n71,n15,1
n71,n18,1
n71,n19,1
n71,n20,1
n71,n21,1
n71,n22,1
n71,n24,1
n71,n30,1
n71,n33,1
n71,n34,1
n71,n35,1
n71,n37,1
n71,n38,1
n71,n46,1
n71,n53,1
n71,n54,1
n71,n56,1
n71,n58,1
n71,n61,1
n71,n64,1
n71,n65,1
n71,n67,1
n71,n68,1
n71,n69,1
n71,n77,1
n71,n79,1
n71,n81,1
n71,n82,1
n71,n83,1
n71,n85,1
n71,n86,1
n71,n87,1
n71,n88,1
n71,n90,1
n71,n93,1
n72,n3,1
n72,n4,1
n72,n99,1
n72,n6,1
n72,n8,1
n72,n9,1
n72,n11,1
n72,n14,1
n72,n16,1
n72,n18,1
n72,n19,1
n72,n20,1
n72,n21,1
n72,n28,1
n72,n30,1
n72,n31,1
n72,n33,1
n72,n34,1
n72,n35,1
n72,n36,1
n72,n37,1
n72,n38,1
n72,n41,1
n72,n42,1
n72,n43,1
n72,n45,1
n72,n46,1
n72,n52,1
n72,n53,1
n72,n54,1
n72,n55,1
n72,n56,1
n72,n57,1
n72,n58,1
n72,n59,1
n72,n61,1
n72,n62,1
n72,n63,1
n72,n64,1
n72,n67,1
n72,n68,1
n72,n69,1
n72,n73,1
n72,n76,1
n72,n78,1
n72,n81,1
n72,n86,1
n72,n87,1
n72,n88,1
n72,n89,1
n72,n90,1
n72,n92,1
n72,n93,1
n72,n94,1
n72,n95,1
n72,n96,1
n73,n0,1
n73,n3,1
n73,n4,1
n73,n5,1
n73,n6,1
n73,n7,1
n73,n8,1
n73,n9,1
n73,n10,1
n73,n11,1
n73,n14,1
n73,n15,1
n73,n16,1
n73,n18,1
n73,n19,1
n73,n20,1
n73,n21,1
n73,n22,1
n73,n23,1
n73,n25,1
n73,n26,1
n73,n27,1
n73,n30,1
n73,n32,1
n73,n33,1
n73,n34,1
n73,n35,1
n73,n36,1
n73,n37,1
n73,n38,1
n73,n39,1
n73,n41,1
n73,n43,1
n73,n44,1
n73,n45,1
n73,n46,1
n73,n48,1
n73,n49,1
n73,n53,1
n73,n54,1
n73,n55,1
n73,n56,1
n73,n57,1
n73,n58,1
n73,n59,1
n73,n60,1
n73,n61,1
n73,n62,1
n73,n64,1
n73,n65,1
n73,n67,1
n73,n68,1
n73,n69,1
n73,n71,1
n73,n72,1
n73,n75,1
n73,n76,1
n73,n77,1
n73,n81,1
n73,n85,1
n73,n86,1
n73,n87,1
n73,n88,1
n73,n89,1
n73,n90,1
n73,n92,1
n73,n93,1
n73,n94,1
n73,n95,1
n73,n96,1
n74,n0,1
n74,n3,1
n74,n4,1
n74,n5,1
n74,n6,1
n74,n7,1
n74,n9,1
n74,n11,1
n74,n12,1
n74,n14,1
n74,n15,1
n74,n18,1
n74,n19,1
n74,n20,1
n74,n21,1
n74,n23,1
n74,n24,1
n74,n25,1
n74,n27,1
n74,n28,1
n74,n29,1
n74,n30,1
n74,n33,1
n74,n34,1
n74,n35,1
n74,n37,1
n74,n38,1
n74,n41,1
n74,n43,1
n74,n44,1
n74,n45,1
n74,n47,1
n74,n49,1
n74,n50,1
n74,n52,1
n74,n53,1
n74,n54,1
n74,n55,1
n74,n56,1
n74,n58,1
n74,n59,1
n74,n64,1
n74,n65,1
n74,n67,1
n74,n68,1
n74,n69,1
n74,n70,1
n74,n71,1
n74,n75,1
n74,n76,1
n74,n77,1
n74,n79,1
n74,n81,1
n74,n82,1
n74,n83,1
n74,n85,1
n74,n86,1
n74,n87,1
n74,n90,1
n74,n91,1
n74,n92,1
n74,n93,1
n75,n7,1
n75,n9,1
n75,n11,1
n75,n15,1
n75,n16,1
n75,n18,1
n75,n27,1
n75,n29,1
n75,n34,1
n75,n44,1
n75,n47,1
n75,n52,1
n75,n53,1
n75,n64,1
n75,n69,1
n75,n74,1
n75,n76,1
n75,n77,1
n75,n79,1
n75,n81,1
n75,n90,1
n75,n92,1
n75,n93,1
n76,n1,1
n76,n2,1
n76,n3,1
n76,n4,1
n76,n5,1
n76,n6,1
n76,n7,1
n76,n8,1
n76,n9,1
n76,n10,1
n76,n11,1
n76,n14,1
n76,n15,1
n76,n18,1
n76,n19,1
n76,n20,1
n76,n21,1
n76,n22,1
n76,n23,1
n76,n27,1
n76,n28,1
n76,n29,1
n76,n30,1
n76,n33,1
n76,n34,1
n76,n35,1
n76,n37,1
n76,n38,1
n76,n41,1
n76,n42,1
n76,n43,1
n76,n46,1
n76,n47,1
n76,n49,1
n76,n52,1
n76,n53,1
n76,n54,1
n76,n55,1
n76,n56,1
n76,n58,1
n76,n59,1
n76,n60,1
n76,n98,1
n76,n64,1
n76,n65,1
n76,n67,1
n76,n68,1
n76,n69,1
n76,n70,1
n76,n71,1
n76,n74,1
n76,n75,1
n76,n77,1
n76,n78,1
n76,n79,1
n76,n81,1
n76,n82,1
n76,n86,1
n76,n87,1
n76,n90,1
n76,n91,1
n76,n92,1
n76,n93,1
n77,n3,1
n77,n4,1
n77,n5,1
n77,n6,1
n77,n7,1
n77,n8,1
n77,n9,1
n77,n10,1
n77,n11,1
n77,n15,1
n77,n18,1
n77,n19,1
n77,n21,1
n77,n24,1
n77,n26,1
n77,n27,1
n77,n28,1
n77,n30,1
n77,n31,1
n77,n33,1
n77,n34,1
n77,n35,1
n77,n36,1
n77,n37,1
n77,n38,1
n77,n41,1
n77,n43,1
n77,n44,1
n77,n45,1
n77,n46,1
n77,n52,1
n77,n53,1
n77,n54,1
n77,n55,1
n77,n56,1
n77,n58,1
n77,n59,1
n77,n60,1
n77,n61,1
n77,n62,1
n77,n98,1
n77,n64,1
n77,n65,1
n77,n68,1
n77,n69,1
n77,n71,1
n77,n72,1
n77,n73,1
n77,n75,1
n77,n76,1
n77,n79,1
n77,n81,1
n77,n82,1
n77,n84,1
n77,n85,1
n77,n86,1
n77,n87,1
n77,n90,1
n77,n91,1
n77,n92,1
n77,n93,1
n77,n95,1
n78,n6,1
n78,n11,1
n78,n19,1
n78,n25,1
n78,n30,1
n78,n35,1
n78,n37,1
n78,n43,1
n78,n46,1
n78,n56,1
n78,n64,1
n78,n65,1
n78,n80,1
n79,n3,1
n79,n4,1
n79,n6,1
n79,n7,1
n79,n11,1
n79,n14,1
n79,n18,1
n79,n19,1
n79,n24,1
n79,n27,1
n79,n28,1
n79,n29,1
n79,n30,1
n79,n31,1
n79,n34,1
n79,n35,1
n79,n43,1
n79,n50,1
n79,n52,1
n79,n53,1
n79,n54,1
n79,n55,1
n79,n56,1
n79,n64,1
n79,n65,1
n79,n69,1
n79,n71,1
n79,n75,1
n79,n76,1
n79,n77,1
n79,n81,1
n79,n82,1
n79,n83,1
n79,n86,1
n79,n87,1
n79,n90,1
n79,n91,1
n79,n92,1
n79,n93,1
n80,n0,1
n80,n3,1
n80,n4,1
n80,n5,1
n80,n6,1
n80,n7,1
n80,n10,1
n80,n11,1
n80,n14,1
n80,n15,1
n80,n16,1
n80,n18,1
n80,n19,1
n80,n20,1
n80,n21,1
n80,n22,1
n80,n23,1
n80,n25,1
n80,n26,1
n80,n27,1
n80,n30,1
n80,n33,1
n80,n34,1
n80,n35,1
n80,n36,1
n80,n37,1
n80,n38,1
n80,n41,1
n80,n42,1
n80,n43,1
n80,n46,1
n80,n49,1
n80,n53,1
n80,n54,1
n80,n56,1
n80,n58,1
n80,n59,1
n80,n61,1
n80,n64,1
n80,n65,1
n80,n67,1
n80,n68,1
n80,n69,1
n80,n71,1
n80,n76,1
n80,n77,1
n80,n78,1
n80,n81,1
n80,n85,1
n80,n86,1
n80,n87,1
n80,n90,1
n80,n91,1
n81,n8,1
n81,n13,1
n81,n16,1
n81,n23,1
n81,n32,1
n81,n42,1
n81,n45,1
n81,n46,1
n81,n47,1
n81,n49,1
n81,n50,1
n81,n57,1
n81,n62,1
n81,n63,1
n81,n98,1
n81,n79,1
n81,n87,1
n82,n6,1
n82,n24,1
n82,n53,1
n82,n71,1
n83,n6,1
n83,n28,1
n83,n56,1
n83,n66,1
n84,n7,1
n84,n56,1
n84,n82,1
n85,n0,1
n85,n3,1
n85,n4,1
n85,n5,1
n85,n7,1
n85,n9,1
n85,n10,1
n85,n11,1
n85,n14,1
n85,n15,1
n85,n18,1
n85,n19,1
n85,n20,1
n85,n21,1
n85,n23,1
n85,n24,1
n85,n26,1
n85,n27,1
n85,n29,1
n85,n30,1
n85,n31,1
n85,n33,1
n85,n34,1
n85,n36,1
n85,n37,1
n85,n38,1
n85,n39,1
n85,n41,1
n85,n42,1
n85,n43,1
n85,n44,1
n85,n45,1
n85,n46,1
n85,n48,1
n85,n49,1
n85,n52,1
n85,n53,1
n85,n54,1
n85,n56,1
n85,n57,1
n85,n59,1
n85,n61,1
n85,n63,1
n85,n64,1
n85,n65,1
n85,n67,1
n85,n68,1
n85,n69,1
n85,n71,1
n85,n73,1
n85,n74,1
n85,n75,1
n85,n76,1
n85,n77,1
n85,n79,1
n85,n80,1
n85,n81,1
n85,n82,1
n85,n86,1
n85,n87,1
n85,n90,1
n85,n91,1
n85,n92,1
n85,n93,1
n85,n96,1
n86,n34,1
n86,n53,1
n87,n6,1
n87,n7,1
n87,n24,1
n87,n53,1
n87,n56,1
n87,n65,1
n87,n86,1
n88,n6,1
n88,n11,1
n88,n19,1
n88,n35,1
n88,n59,1
n88,n62,1
n88,n71,1
n89,n0,1
n89,n3,1
n89,n4,1
n89,n5,1
n89,n6,1
n89,n7,1
n89,n8,1
n89,n10,1
n89,n11,1
n89,n14,1
n89,n18,1
n89,n19,1
n89,n21,1
n89,n22,1
n89,n23,1
n89,n24,1
n89,n25,1
n89,n27,1
n89,n28,1
n89,n30,1
n89,n32,1
n89,n33,1
n89,n34,1
n89,n35,1
n89,n36,1
n89,n37,1
n89,n38,1
n89,n41,1
n89,n42,1
n89,n43,1
n89,n44,1
n89,n49,1
n89,n52,1
n89,n53,1
n89,n54,1
n89,n55,1
n89,n56,1
n89,n58,1
n89,n59,1
n89,n61,1
n89,n64,1
n89,n65,1
n89,n67,1
n89,n68,1
n89,n69,1
n89,n71,1
n89,n72,1
n89,n73,1
n89,n76,1
n89,n77,1
n89,n78,1
n89,n81,1
n89,n82,1
n89,n83,1
n89,n85,1
n89,n86,1
n89,n87,1
n89,n88,1
n89,n90,1
n89,n92,1
n89,n93,1
n89,n94,1
n89,n96,1
n90,n9,1
n90,n19,1
n90,n35,1
n90,n64,1
n90,n92,1
n91,n0,1
n91,n4,1
n91,n99,1
n91,n5,1
n91,n6,1
n91,n7,1
n91,n9,1
n91,n11,1
n91,n18,1
n91,n19,1
n91,n20,1
n91,n21,1
n91,n22,1
n91,n23,1
n91,n27,1
n91,n28,1
n91,n29,1
n91,n30,1
n91,n33,1
n91,n34,1
n91,n35,1
n91,n37,1
n91,n38,1
n91,n43,1
n91,n46,1
n91,n47,1
n91,n49,1
n91,n52,1
n91,n53,1
n91,n55,1
n91,n56,1
n91,n58,1
n91,n59,1
n91,n62,1
n91,n64,1
n91,n65,1
n91,n67,1
n91,n68,1
n91,n69,1
n91,n70,1
n91,n71,1
n91,n76,1
n91,n77,1
n91,n81,1
n91,n86,1
n91,n87,1
n91,n90,1
n91,n92,1
n91,n93,1
n91,n94,1
n92,n0,1
n92,n1,1
n92,n3,1
n92,n4,1
n92,n99,1
n92,n5,1
n92,n8,1
n92,n10,1
n92,n11,1
n92,n12,1
n92,n16,1
n92,n19,1
n92,n20,1
n92,n21,1
n92,n23,1
n92,n26,1
n92,n27,1
n92,n29,1
n92,n30,1
n92,n31,1
n92,n33,1
n92,n36,1
n92,n38,1
n92,n39,1
n92,n41,1
n92,n42,1
n92,n43,1
n92,n45,1
n92,n46,1
n92,n47,1
n92,n49,1
n92,n50,1
n92,n52,1
n92,n54,1
n92,n55,1
n92,n57,1
n92,n58,1
n92,n59,1
n92,n61,1
n92,n62,1
n92,n63,1
n92,n98,1
n92,n67,1
n92,n68,1
n92,n70,1
n92,n71,1
n92,n72,1
n92,n73,1
n92,n74,1
n92,n75,1
n92,n77,1
n92,n78,1
n92,n79,1
n92,n81,1
n92,n83,1
n92,n85,1
n92,n89,1
n92,n90,1
n92,n94,1
n92,n95,1
n92,n96,1
n92,n97,1
n93,n0,1
n93,n3,1
n93,n4,1
n93,n6,1
n93,n7,1
n93,n9,1
n93,n11,1
n93,n18,1
n93,n19,1
n93,n21,1
n93,n23,1
n93,n24,1
n93,n27,1
n93,n28,1
n93,n30,1
n93,n32,1
n93,n33,1
n93,n34,1
n93,n35,1
n93,n37,1
n93,n38,1
n93,n41,1
n93,n43,1
n93,n44,1
n93,n45,1
n93,n52,1
n93,n53,1
n93,n54,1
n93,n55,1
n93,n56,1
n93,n58,1
n93,n61,1
n93,n64,1
n93,n65,1
n93,n68,1
n93,n69,1
n93,n71,1
n93,n75,1
n93,n76,1
n93,n77,1
n93,n79,1
n93,n81,1
n93,n82,1
n93,n84,1
n93,n86,1
n93,n87,1
n93,n90,1
n93,n91,1
n93,n92,1
n93,n95,1
n94,n6,1
n94,n11,1
n94,n18,1
n94,n31,1
n94,n32,1
n94,n35,1
n94,n36,1
n94,n37,1
n94,n43,1
n94,n46,1
n94,n53,1
n94,n59,1
n94,n62,1
n94,n68,1
n94,n72,1
n94,n81,1
n94,n93,1
n95,n0,1
n95,n2,1
n95,n4,1
n95,n5,1
n95,n6,1
n95,n11,1
n95,n14,1
n95,n15,1
n95,n18,1
n95,n19,1
n95,n20,1
n95,n21,1
n95,n30,1
n95,n33,1
n95,n34,1
n95,n37,1
n95,n38,1
n95,n41,1
n95,n43,1
n95,n48,1
n95,n56,1
n95,n58,1
n95,n59,1
n95,n64,1
n95,n65,1
n95,n68,1
n95,n72,1
n95,n77,1
n95,n81,1
n95,n90,1
n95,n92,1
n96,n0,1
n96,n1,1
n96,n2,1
n96,n3,1
n96,n4,1
n96,n5,1
n96,n6,1
n96,n7,1
n96,n9,1
n96,n10,1
n96,n11,1
n96,n14,1
n96,n15,1
n96,n16,1
n96,n18,1
n96,n19,1
n96,n20,1
n96,n21,1
n96,n22,1
n96,n23,1
n96,n25,1
n96,n26,1
n96,n27,1
n96,n30,1
n96,n32,1
n96,n33,1
n96,n34,1
n96,n35,1
n96,n36,1
n96,n37,1
n96,n38,1
n96,n41,1
n96,n42,1
n96,n43,1
n96,n45,1
n96,n46,1
n96,n48,1
n96,n49,1
n96,n51,1
n96,n52,1
n96,n53,1
n96,n55,1
n96,n56,1
n96,n57,1
n96,n58,1
n96,n59,1
n96,n61,1
n96,n62,1
n96,n63,1
n96,n64,1
n96,n65,1
n96,n67,1
n96,n68,1
n96,n69,1
n96,n71,1
n96,n72,1
n96,n73,1
n96,n76,1
n96,n77,1
n96,n79,1
n96,n80,1
n96,n81,1
n96,n82,1
n96,n85,1
n96,n86,1
n96,n87,1
n96,n88,1
n96,n90,1
n96,n92,1
n96,n93,1
n97,n4,1
n97,n5,1
n97,n7,1
n97,n11,1
n97,n12,1
n97,n18,1
n97,n20,1
n97,n27,1
n97,n30,1
n97,n39,1
n97,n43,1
n97,n46,1
n97,n58,1
n97,n59,1
n97,n64,1
n97,n65,1
n97,n69,1
n97,n81,1
n97,n92,1